time,config,run,metric,domain,value,mean,std,min,max,count
10.000000,Debug_Quick,0,attentionEntropy,-1,2.584963,2.584963,0.000000,2.584963,2.584963,1
10.000000,Debug_Quick,0,beliefEntropy,-1,1.584963,1.584963,0.000000,1.584963,1.584963,1
10.000000,Debug_Quick,0,beliefMax,-1,0.333333,0.333333,0.000000,0.333333,0.333333,1
10.000000,Debug_Quick,0,commOverheadRate,0,24.000000,24.000000,0.000000,24.000000,24.000000,1
10.000000,Debug_Quick,0,commOverheadRate,1,24.000000,24.000000,0.000000,24.000000,24.000000,1
10.000000,Debug_Quick,0,commOverheadRate,2,24.000000,24.000000,0.000000,24.000000,24.000000,1
10.000000,Debug_Quick,0,commOverheadRate,3,24.000000,24.000000,0.000000,24.000000,24.000000,1
10.000000,Debug_Quick,0,commOverheadRate,4,24.000000,24.000000,0.000000,24.000000,24.000000,1
10.000000,Debug_Quick,0,commOverheadRate,5,24.000000,24.000000,0.000000,24.000000,24.000000,1
10.000000,Debug_Quick,0,commOverhead,-1,1440.000000,1440.000000,0.000000,1440.000000,1440.000000,1
10.000000,Debug_Quick,0,consistencyPenalty,-1,0.319768,0.319768,0.000000,0.319768,0.319768,1
10.000000,Debug_Quick,0,deceptionEffortNorm,0,0.166667,0.166667,0.000000,0.166667,0.166667,1
10.000000,Debug_Quick,0,deceptionEffortNorm,1,0.166667,0.166667,0.000000,0.166667,0.166667,1
10.000000,Debug_Quick,0,deceptionEffortNorm,2,0.166667,0.166667,0.000000,0.166667,0.166667,1
10.000000,Debug_Quick,0,deceptionEffortNorm,3,0.166667,0.166667,0.000000,0.166667,0.166667,1
10.000000,Debug_Quick,0,deceptionEffortNorm,4,0.166667,0.166667,0.000000,0.166667,0.166667,1
10.000000,Debug_Quick,0,deceptionEffortNorm,5,0.166667,0.166667,0.000000,0.166667,0.166667,1
10.000000,Debug_Quick,0,fieldEntropy,-1,2.582707,2.582707,0.000000,2.582707,2.582707,1
10.000000,Debug_Quick,0,fieldNorm,-1,0.803363,0.803363,0.000000,0.803363,0.803363,1
10.000000,Debug_Quick,0,infoLeak,-1,0.000000,0.000000,0.000000,0.000000,0.000000,1
10.000000,Debug_Quick,0,pheromoneLevel,0,0.327919,0.327919,0.000000,0.327919,0.327919,1
10.000000,Debug_Quick,0,pheromoneLevel,1,0.353714,0.353714,0.000000,0.353714,0.353714,1
10.000000,Debug_Quick,0,pheromoneLevel,2,0.347017,0.347017,0.000000,0.347017,0.347017,1
10.000000,Debug_Quick,0,pheromoneLevel,3,0.315609,0.315609,0.000000,0.315609,0.315609,1
10.000000,Debug_Quick,0,pheromoneLevel,4,0.300056,0.300056,0.000000,0.300056,0.300056,1
10.000000,Debug_Quick,0,pheromoneLevel,5,0.320444,0.320444,0.000000,0.320444,0.320444,1
10.000000,Debug_Quick,0,suspicionLevel,-1,0.000000,0.000000,0.000000,0.000000,0.000000,1
20.000000,Debug_Quick,0,attentionEntropy,-1,2.584963,2.584963,0.000000,2.584963,2.584963,1
20.000000,Debug_Quick,0,beliefEntropy,-1,1.584963,1.584963,0.000000,1.584963,1.584963,1
20.000000,Debug_Quick,0,beliefMax,-1,0.333333,0.333333,0.000000,0.333333,0.333333,1
20.000000,Debug_Quick,0,commOverheadRate,0,24.000000,24.000000,0.000000,24.000000,24.000000,1
20.000000,Debug_Quick,0,commOverheadRate,1,24.000000,24.000000,0.000000,24.000000,24.000000,1
20.000000,Debug_Quick,0,commOverheadRate,2,24.000000,24.000000,0.000000,24.000000,24.000000,1
20.000000,Debug_Quick,0,commOverheadRate,3,24.000000,24.000000,0.000000,24.000000,24.000000,1
20.000000,Debug_Quick,0,commOverheadRate,4,24.000000,24.000000,0.000000,24.000000,24.000000,1
20.000000,Debug_Quick,0,commOverheadRate,5,24.000000,24.000000,0.000000,24.000000,24.000000,1
20.000000,Debug_Quick,0,commOverhead,-1,2880.000000,2880.000000,0.000000,2880.000000,2880.000000,1
20.000000,Debug_Quick,0,consistencyPenalty,-1,0.153788,0.153788,0.000000,0.153788,0.153788,1
20.000000,Debug_Quick,0,deceptionEffortNorm,0,0.166667,0.166667,0.000000,0.166667,0.166667,1
20.000000,Debug_Quick,0,deceptionEffortNorm,1,0.166667,0.166667,0.000000,0.166667,0.166667,1
20.000000,Debug_Quick,0,deceptionEffortNorm,2,0.166667,0.166667,0.000000,0.166667,0.166667,1
20.000000,Debug_Quick,0,deceptionEffortNorm,3,0.166667,0.166667,0.000000,0.166667,0.166667,1
20.000000,Debug_Quick,0,deceptionEffortNorm,4,0.166667,0.166667,0.000000,0.166667,0.166667,1
20.000000,Debug_Quick,0,deceptionEffortNorm,5,0.166667,0.166667,0.000000,0.166667,0.166667,1
20.000000,Debug_Quick,0,fieldEntropy,-1,2.583460,2.583460,0.000000,2.583460,2.583460,1
20.000000,Debug_Quick,0,fieldNorm,-1,0.474150,0.474150,0.000000,0.474150,0.474150,1
20.000000,Debug_Quick,0,infoLeak,-1,0.000000,0.000000,0.000000,0.000000,0.000000,1
20.000000,Debug_Quick,0,pheromoneLevel,0,0.193562,0.193562,0.000000,0.193562,0.193562,1
20.000000,Debug_Quick,0,pheromoneLevel,1,0.205898,0.205898,0.000000,0.205898,0.205898,1
20.000000,Debug_Quick,0,pheromoneLevel,2,0.202901,0.202901,0.000000,0.202901,0.202901,1
20.000000,Debug_Quick,0,pheromoneLevel,3,0.187646,0.187646,0.000000,0.187646,0.187646,1
20.000000,Debug_Quick,0,pheromoneLevel,4,0.180091,0.180091,0.000000,0.180091,0.180091,1
20.000000,Debug_Quick,0,pheromoneLevel,5,0.190121,0.190121,0.000000,0.190121,0.190121,1
20.000000,Debug_Quick,0,suspicionLevel,-1,0.000000,0.000000,0.000000,0.000000,0.000000,1
20.000000,Debug_Quick,0,attentionEntropy,-1,2.584963,2.584963,0.000000,2.584963,2.584963,1
20.000000,Debug_Quick,0,beliefEntropy,-1,1.584963,1.584963,0.000000,1.584963,1.584963,1
20.000000,Debug_Quick,0,beliefMax,-1,0.333333,0.333333,0.000000,0.333333,0.333333,1
20.000000,Debug_Quick,0,commOverheadRate,0,24.000000,24.000000,0.000000,24.000000,24.000000,1
20.000000,Debug_Quick,0,commOverheadRate,1,24.000000,24.000000,0.000000,24.000000,24.000000,1
20.000000,Debug_Quick,0,commOverheadRate,2,24.000000,24.000000,0.000000,24.000000,24.000000,1
20.000000,Debug_Quick,0,commOverheadRate,3,24.000000,24.000000,0.000000,24.000000,24.000000,1
20.000000,Debug_Quick,0,commOverheadRate,4,24.000000,24.000000,0.000000,24.000000,24.000000,1
20.000000,Debug_Quick,0,commOverheadRate,5,24.000000,24.000000,0.000000,24.000000,24.000000,1
20.000000,Debug_Quick,0,commOverhead,-1,4320.000000,4320.000000,0.000000,4320.000000,4320.000000,1
20.000000,Debug_Quick,0,consistencyPenalty,-1,0.132851,0.132851,0.000000,0.132851,0.132851,1
20.000000,Debug_Quick,0,deceptionEffortNorm,0,0.166667,0.166667,0.000000,0.166667,0.166667,1
20.000000,Debug_Quick,0,deceptionEffortNorm,1,0.166667,0.166667,0.000000,0.166667,0.166667,1
20.000000,Debug_Quick,0,deceptionEffortNorm,2,0.166667,0.166667,0.000000,0.166667,0.166667,1
20.000000,Debug_Quick,0,deceptionEffortNorm,3,0.166667,0.166667,0.000000,0.166667,0.166667,1
20.000000,Debug_Quick,0,deceptionEffortNorm,4,0.166667,0.166667,0.000000,0.166667,0.166667,1
20.000000,Debug_Quick,0,deceptionEffortNorm,5,0.166667,0.166667,0.000000,0.166667,0.166667,1
20.000000,Debug_Quick,0,fieldEntropy,-1,2.583577,2.583577,0.000000,2.583577,2.583577,1
20.000000,Debug_Quick,0,fieldNorm,-1,0.426703,0.426703,0.000000,0.426703,0.426703,1
20.000000,Debug_Quick,0,infoLeak,-1,0.000000,0.000000,0.000000,0.000000,0.000000,1
20.000000,Debug_Quick,0,pheromoneLevel,0,0.174195,0.174195,0.000000,0.174195,0.174195,1
20.000000,Debug_Quick,0,pheromoneLevel,1,0.184842,0.184842,0.000000,0.184842,0.184842,1
20.000000,Debug_Quick,0,pheromoneLevel,2,0.182287,0.182287,0.000000,0.182287,0.182287,1
20.000000,Debug_Quick,0,pheromoneLevel,3,0.169085,0.169085,0.000000,0.169085,0.169085,1
20.000000,Debug_Quick,0,pheromoneLevel,4,0.162548,0.162548,0.000000,0.162548,0.162548,1
20.000000,Debug_Quick,0,pheromoneLevel,5,0.171247,0.171247,0.000000,0.171247,0.171247,1
20.000000,Debug_Quick,0,suspicionLevel,-1,0.000000,0.000000,0.000000,0.000000,0.000000,1
